date,capability_id,story_readiness_pct,release_risk_score,qa_pass_rate_pct,adoption_readiness_pct,stakeholder_alignment_pct,open_decisions
2026-03-02,REL001,56.7,66.1,76.4,49.1,75.5,3
2026-03-03,REL001,46.4,60.2,80.9,52.8,77.6,4
2026-03-04,REL001,58.2,56.9,78.6,52.4,70.3,3
2026-03-05,REL001,48.8,63.4,79.8,49.5,69.8,6
2026-03-06,REL001,44.3,60.4,82.5,60.9,72.7,5
2026-03-07,REL001,52.0,65.1,72.8,51.3,70.6,3
2026-03-08,REL001,55.9,63.6,79.7,53.1,76.5,3
2026-03-09,REL001,48.8,55.6,77.7,53.9,78.1,3
2026-03-10,REL001,49.4,62.1,78.4,56.0,69.9,4
2026-03-11,REL001,47.6,66.2,71.2,55.0,73.4,3
2026-03-12,REL001,52.8,66.2,75.0,56.0,70.5,1
2026-03-13,REL001,53.8,67.9,78.2,51.8,76.8,2
2026-03-14,REL001,53.3,58.4,80.1,54.6,75.0,2
2026-03-15,REL001,47.7,52.6,78.1,56.7,64.5,1
2026-03-16,REL001,47.3,58.0,78.9,57.0,76.1,2
2026-03-17,REL001,46.0,62.9,76.7,61.5,74.8,4
2026-03-18,REL001,57.1,57.3,77.0,58.6,73.1,2
2026-03-19,REL001,49.4,59.5,77.0,55.2,70.3,2
2026-03-20,REL001,51.3,63.5,81.3,53.7,71.6,2
2026-03-21,REL001,58.6,58.3,75.4,52.3,83.1,4
2026-03-22,REL001,48.5,69.6,77.2,60.3,73.4,2
2026-03-23,REL001,47.2,57.1,82.8,59.2,80.3,2
2026-03-24,REL001,53.5,56.4,80.1,51.2,76.4,3
2026-03-25,REL001,46.4,61.6,75.4,55.7,76.9,1
2026-03-26,REL001,55.7,58.0,80.6,50.3,76.4,2
2026-03-27,REL001,50.2,60.7,81.4,56.9,75.2,3
2026-03-28,REL001,49.7,62.7,81.4,53.8,80.7,4
2026-03-29,REL001,53.4,49.2,78.5,53.0,78.5,3
2026-03-30,REL001,58.3,53.9,73.4,59.5,72.1,3
2026-03-31,REL001,48.2,64.0,72.6,61.8,78.4,3
2026-04-01,REL001,49.4,56.9,77.8,58.0,74.0,4
2026-04-02,REL001,48.6,69.1,80.4,51.1,66.4,3
2026-04-03,REL001,54.2,59.8,79.0,58.9,74.5,5
2026-04-04,REL001,54.1,66.4,78.5,55.0,70.0,4
2026-04-05,REL001,53.8,52.0,76.5,48.2,67.3,2
2026-04-06,REL001,55.5,58.0,83.7,58.2,72.7,4
2026-04-07,REL001,56.4,54.7,78.5,56.3,74.7,3
2026-04-08,REL001,49.1,60.1,79.2,56.1,76.1,4
2026-04-09,REL001,47.8,50.9,76.3,59.5,73.4,3
2026-04-10,REL001,55.1,63.8,76.0,55.7,70.5,3
2026-04-11,REL001,52.1,63.0,75.8,61.4,71.3,3
2026-04-12,REL001,48.7,63.5,75.2,56.3,76.9,3
2026-04-13,REL001,54.1,66.8,86.4,50.2,70.1,3
2026-04-14,REL001,53.2,61.5,71.3,56.5,73.1,2
2026-04-15,REL001,54.8,64.5,77.6,65.5,72.9,4
2026-04-16,REL001,53.1,58.0,86.0,53.5,70.1,2
2026-04-17,REL001,55.9,59.1,78.4,60.2,75.8,2
2026-04-18,REL001,47.3,58.2,72.2,60.2,76.6,3
2026-04-19,REL001,50.6,61.5,83.1,52.8,72.3,4
2026-04-20,REL001,53.4,55.8,75.1,56.9,74.5,3
2026-04-21,REL001,51.5,57.9,79.2,58.0,73.6,4
2026-04-22,REL001,60.1,61.0,75.8,53.4,75.3,3
2026-04-23,REL001,55.7,63.0,74.5,57.8,78.2,1
2026-04-24,REL001,51.8,59.5,78.1,53.3,67.3,2
2026-04-25,REL001,56.4,58.7,75.9,62.7,81.4,3
2026-04-26,REL001,51.8,55.7,80.2,55.7,78.9,3
2026-04-27,REL001,62.3,57.4,80.2,59.7,71.3,3
2026-04-28,REL001,51.6,65.1,79.7,56.7,74.7,1
2026-04-29,REL001,66.4,58.1,78.5,51.1,71.2,3
2026-04-30,REL001,53.0,61.5,78.7,59.9,69.2,2
2026-05-01,REL001,57.5,59.0,77.7,58.7,80.2,2
2026-05-02,REL001,57.1,54.9,79.8,54.2,72.9,3
2026-05-03,REL001,49.0,54.7,73.6,58.0,70.7,4
2026-05-04,REL001,61.5,55.8,74.2,55.4,71.0,3
2026-05-05,REL001,55.9,50.2,79.7,64.3,69.6,4
2026-05-06,REL001,54.4,60.2,78.4,65.9,73.0,2
2026-05-07,REL001,67.8,67.5,76.8,58.3,75.3,3
2026-05-08,REL001,61.7,50.1,84.2,60.7,74.6,3
2026-05-09,REL001,53.7,49.0,77.9,64.0,70.0,2
2026-05-10,REL001,54.0,54.9,78.7,64.1,74.3,2
2026-03-02,REL002,75.5,29.3,85.0,37.4,79.3,2
2026-03-03,REL002,77.0,30.8,79.1,38.3,76.6,1
2026-03-04,REL002,70.3,29.8,86.1,39.1,87.3,2
2026-03-05,REL002,73.2,40.0,92.1,35.4,79.0,1
2026-03-06,REL002,74.1,31.0,79.6,42.2,86.8,1
2026-03-07,REL002,85.2,25.8,79.9,46.3,81.1,3
2026-03-08,REL002,77.4,31.1,80.8,39.8,83.7,2
2026-03-09,REL002,76.5,26.4,81.4,43.5,77.2,2
2026-03-10,REL002,79.7,24.2,88.8,45.2,89.8,0
2026-03-11,REL002,81.6,20.9,81.3,40.6,77.8,0
2026-03-12,REL002,79.7,22.5,84.8,40.7,75.6,2
2026-03-13,REL002,72.6,32.3,82.9,35.7,81.9,1
2026-03-14,REL002,73.9,21.6,82.2,40.2,80.8,1
2026-03-15,REL002,80.2,29.6,87.8,34.4,77.8,0
2026-03-16,REL002,76.3,16.6,79.3,34.6,79.3,3
2026-03-17,REL002,74.3,28.5,87.4,36.2,78.2,1
2026-03-18,REL002,86.8,24.1,87.3,42.3,81.8,1
2026-03-19,REL002,84.4,26.7,81.5,37.0,81.2,1
2026-03-20,REL002,79.7,20.6,83.2,47.4,80.9,1
2026-03-21,REL002,81.3,29.7,82.7,45.0,82.5,2
2026-03-22,REL002,81.2,29.0,83.1,39.3,74.8,0
2026-03-23,REL002,77.3,22.8,83.2,48.8,78.2,1
2026-03-24,REL002,70.8,30.6,85.3,45.3,73.2,0
2026-03-25,REL002,75.4,24.0,81.7,42.5,75.0,0
2026-03-26,REL002,81.5,21.6,80.7,43.9,79.9,0
2026-03-27,REL002,77.8,38.3,82.1,43.6,72.4,2
2026-03-28,REL002,79.4,26.5,80.1,40.5,86.4,0
2026-03-29,REL002,79.8,25.8,85.1,45.8,82.4,2
2026-03-30,REL002,77.1,32.2,85.3,42.6,72.6,1
2026-03-31,REL002,77.2,20.1,82.9,42.6,79.2,3
2026-04-01,REL002,79.2,29.4,84.6,49.0,81.1,1
2026-04-02,REL002,76.3,30.7,88.7,38.0,72.2,0
2026-04-03,REL002,78.2,25.4,84.8,37.8,77.3,2
2026-04-04,REL002,78.5,27.2,82.3,39.8,81.7,4
2026-04-05,REL002,80.7,36.5,83.1,43.3,74.6,1
2026-04-06,REL002,75.5,24.7,85.4,41.2,79.4,0
2026-04-07,REL002,82.8,27.8,80.8,40.8,71.2,3
2026-04-08,REL002,82.8,23.1,83.8,41.1,76.6,2
2026-04-09,REL002,82.9,20.3,85.5,49.3,78.0,1
2026-04-10,REL002,75.5,35.0,83.2,44.7,79.6,2
2026-04-11,REL002,90.3,30.4,80.8,38.6,76.7,0
2026-04-12,REL002,84.7,23.1,84.5,38.8,75.6,0
2026-04-13,REL002,80.1,26.8,84.6,39.8,73.0,0
2026-04-14,REL002,75.4,22.0,82.5,45.4,84.2,1
2026-04-15,REL002,75.5,19.6,78.3,46.5,81.7,1
2026-04-16,REL002,87.8,24.9,81.2,41.1,84.0,1
2026-04-17,REL002,81.9,22.8,86.6,40.9,78.0,2
2026-04-18,REL002,88.4,24.6,77.3,37.8,78.4,3
2026-04-19,REL002,86.5,32.1,80.1,42.2,84.0,2
2026-04-20,REL002,92.7,26.1,82.8,44.2,77.3,4
2026-04-21,REL002,80.9,19.1,88.8,40.9,75.6,1
2026-04-22,REL002,77.2,21.6,82.4,43.1,82.6,3
2026-04-23,REL002,87.7,21.8,75.6,41.9,75.7,0
2026-04-24,REL002,83.9,25.9,81.8,48.1,77.9,0
2026-04-25,REL002,82.5,15.6,85.8,45.8,74.6,0
2026-04-26,REL002,75.4,22.7,83.1,43.8,81.8,2
2026-04-27,REL002,74.4,25.3,77.3,50.3,83.2,1
2026-04-28,REL002,78.9,29.6,83.7,42.9,78.6,0
2026-04-29,REL002,88.8,26.8,79.4,47.0,73.9,0
2026-04-30,REL002,79.8,24.4,85.5,39.6,80.1,2
2026-05-01,REL002,77.3,20.7,83.5,42.0,76.6,0
2026-05-02,REL002,84.2,24.8,87.1,48.0,76.5,1
2026-05-03,REL002,79.3,21.2,82.8,43.7,77.3,2
2026-05-04,REL002,83.8,26.5,85.2,50.5,80.2,1
2026-05-05,REL002,79.0,27.8,82.3,51.1,80.4,2
2026-05-06,REL002,85.9,24.6,81.3,49.9,78.9,2
2026-05-07,REL002,84.6,22.8,82.6,45.4,78.7,1
2026-05-08,REL002,82.0,25.6,84.6,47.1,78.6,0
2026-05-09,REL002,85.7,25.7,82.9,48.0,79.8,2
2026-05-10,REL002,81.1,27.1,83.9,40.0,78.5,0
2026-03-02,REL003,71.3,65.0,75.5,57.5,68.6,3
2026-03-03,REL003,84.2,64.0,79.9,61.5,74.0,2
2026-03-04,REL003,79.1,62.6,78.9,58.0,78.5,4
2026-03-05,REL003,75.0,74.6,76.3,50.8,79.6,4
2026-03-06,REL003,78.3,68.6,79.3,60.6,77.6,3
2026-03-07,REL003,84.5,61.5,74.5,56.9,73.5,3
2026-03-08,REL003,80.5,68.2,79.4,57.9,82.7,3
2026-03-09,REL003,73.3,61.8,78.4,62.1,76.8,3
2026-03-10,REL003,76.4,56.1,78.6,58.2,75.9,3
2026-03-11,REL003,75.4,61.0,76.0,54.4,79.2,4
2026-03-12,REL003,80.4,56.4,78.4,62.6,81.4,2
2026-03-13,REL003,79.8,62.6,75.6,56.2,80.9,4
2026-03-14,REL003,75.9,59.7,84.6,56.1,83.8,3
2026-03-15,REL003,83.9,58.8,77.1,55.2,85.1,3
2026-03-16,REL003,76.0,58.2,80.9,57.3,75.4,2
2026-03-17,REL003,74.5,62.6,86.6,56.1,73.4,4
2026-03-18,REL003,76.9,61.2,79.2,58.2,85.2,4
2026-03-19,REL003,70.2,66.7,76.1,67.2,75.8,3
2026-03-20,REL003,71.5,63.0,80.5,56.8,75.7,4
2026-03-21,REL003,76.6,66.9,78.3,61.2,77.1,3
2026-03-22,REL003,75.5,65.3,77.1,56.8,74.6,4
2026-03-23,REL003,71.7,57.6,80.1,62.6,67.7,5
2026-03-24,REL003,77.7,62.5,78.7,62.2,74.3,1
2026-03-25,REL003,84.2,69.8,80.4,60.6,70.0,2
2026-03-26,REL003,74.7,60.2,78.9,60.9,75.0,3
2026-03-27,REL003,76.1,69.6,76.3,59.2,69.1,1
2026-03-28,REL003,79.9,62.0,73.5,60.4,70.8,4
2026-03-29,REL003,73.2,57.6,80.6,58.0,77.4,4
2026-03-30,REL003,72.4,61.4,78.2,57.2,80.2,3
2026-03-31,REL003,83.7,58.6,73.6,58.4,73.8,1
2026-04-01,REL003,69.1,61.9,75.5,72.1,76.2,1
2026-04-02,REL003,76.2,60.2,76.3,62.6,71.6,2
2026-04-03,REL003,78.7,62.0,80.5,70.8,84.1,4
2026-04-04,REL003,80.8,55.4,78.4,58.6,82.0,4
2026-04-05,REL003,87.6,64.0,79.9,64.4,70.7,3
2026-04-06,REL003,89.8,57.7,76.8,66.2,73.5,1
2026-04-07,REL003,79.4,60.5,83.6,63.7,77.0,3
2026-04-08,REL003,75.9,62.9,73.9,64.7,78.4,4
2026-04-09,REL003,82.2,61.5,77.4,66.2,70.9,3
2026-04-10,REL003,82.7,57.7,76.6,63.3,76.2,1
2026-04-11,REL003,85.7,60.4,82.6,65.3,74.2,2
2026-04-12,REL003,78.9,65.2,79.2,55.3,79.7,3
2026-04-13,REL003,80.7,63.3,81.2,63.0,76.6,4
2026-04-14,REL003,84.5,64.0,73.8,65.3,70.2,1
2026-04-15,REL003,82.7,71.5,77.2,66.9,72.8,1
2026-04-16,REL003,85.4,49.1,77.1,58.2,73.1,3
2026-04-17,REL003,82.7,56.4,82.8,66.4,81.0,5
2026-04-18,REL003,78.9,51.7,80.1,63.8,79.9,4
2026-04-19,REL003,76.8,56.9,79.4,61.5,76.8,3
2026-04-20,REL003,80.1,54.6,79.2,69.8,76.4,3
2026-04-21,REL003,76.1,50.4,77.9,66.5,80.4,2
2026-04-22,REL003,87.8,57.9,85.4,74.6,75.6,3
2026-04-23,REL003,88.7,49.1,77.0,62.9,76.1,3
2026-04-24,REL003,83.8,59.4,79.8,70.9,69.7,1
2026-04-25,REL003,85.2,59.8,73.5,60.0,76.9,3
2026-04-26,REL003,75.9,54.9,79.3,65.3,81.1,2
2026-04-27,REL003,84.4,50.3,79.6,70.8,75.0,3
2026-04-28,REL003,77.9,55.3,79.0,64.0,73.5,4
2026-04-29,REL003,76.2,57.3,82.5,65.4,76.5,4
2026-04-30,REL003,88.4,64.6,80.1,59.8,74.3,3
2026-05-01,REL003,86.0,61.2,77.8,65.3,72.9,4
2026-05-02,REL003,86.7,61.4,80.6,66.1,79.6,2
2026-05-03,REL003,87.1,59.6,72.2,66.3,74.9,1
2026-05-04,REL003,83.2,63.3,76.3,62.6,71.1,4
2026-05-05,REL003,85.7,48.6,82.7,64.9,85.7,3
2026-05-06,REL003,90.8,57.7,81.0,65.5,78.1,4
2026-05-07,REL003,73.0,54.7,79.8,60.1,76.1,2
2026-05-08,REL003,84.6,59.3,73.0,72.7,81.5,3
2026-05-09,REL003,93.5,64.1,81.5,66.0,79.2,3
2026-05-10,REL003,80.8,56.9,76.9,72.9,81.7,3
2026-03-02,REL004,84.3,52.9,79.6,24.6,68.9,3
2026-03-03,REL004,82.2,49.0,82.9,30.8,78.1,2
2026-03-04,REL004,75.3,52.9,78.6,31.7,82.5,2
2026-03-05,REL004,74.9,54.6,78.3,30.6,79.8,1
2026-03-06,REL004,89.0,49.8,86.4,32.4,76.3,1
2026-03-07,REL004,83.7,48.4,78.6,29.9,78.3,2
2026-03-08,REL004,83.0,58.8,82.6,30.0,69.6,2
2026-03-09,REL004,75.0,50.2,78.8,31.0,76.9,1
2026-03-10,REL004,78.6,53.4,75.1,22.9,74.3,4
2026-03-11,REL004,76.5,52.5,83.4,33.6,71.8,4
2026-03-12,REL004,78.8,53.5,77.9,32.0,74.0,3
2026-03-13,REL004,82.7,49.2,81.8,35.0,73.2,2
2026-03-14,REL004,83.0,54.5,79.1,32.5,71.2,3
2026-03-15,REL004,68.0,45.7,78.8,31.0,76.5,3
2026-03-16,REL004,80.5,54.8,84.9,26.2,76.1,1
2026-03-17,REL004,77.7,52.4,77.3,34.1,79.8,2
2026-03-18,REL004,82.2,44.3,77.9,27.0,75.7,2
2026-03-19,REL004,76.9,58.1,76.4,33.6,75.0,4
2026-03-20,REL004,82.1,48.7,79.5,32.0,76.3,0
2026-03-21,REL004,81.7,42.4,76.6,34.7,80.5,3
2026-03-22,REL004,82.0,55.2,77.1,28.1,68.2,2
2026-03-23,REL004,80.2,50.4,76.2,35.0,79.0,2
2026-03-24,REL004,78.5,47.7,76.9,29.3,81.0,2
2026-03-25,REL004,82.7,52.4,78.1,27.6,78.1,3
2026-03-26,REL004,77.9,44.2,81.0,30.6,79.3,2
2026-03-27,REL004,81.2,46.1,80.1,29.9,83.1,3
2026-03-28,REL004,81.8,50.4,81.2,30.9,80.4,0
2026-03-29,REL004,76.7,49.9,81.3,26.0,75.4,2
2026-03-30,REL004,76.4,54.2,79.6,32.7,77.4,3
2026-03-31,REL004,83.4,43.0,82.3,31.6,82.9,3
2026-04-01,REL004,84.7,49.3,81.9,35.9,75.5,3
2026-04-02,REL004,84.9,39.0,83.4,32.8,81.8,3
2026-04-03,REL004,76.1,54.0,79.8,28.4,84.8,1
2026-04-04,REL004,82.1,54.2,75.4,28.7,81.5,2
2026-04-05,REL004,76.8,53.5,79.8,27.2,74.5,3
2026-04-06,REL004,83.0,47.6,85.4,31.3,71.6,2
2026-04-07,REL004,76.8,49.8,79.8,39.0,77.5,1
2026-04-08,REL004,82.7,53.9,85.7,34.6,80.3,3
2026-04-09,REL004,90.7,55.8,84.1,36.7,74.7,1
2026-04-10,REL004,77.9,51.4,76.2,37.0,71.8,2
2026-04-11,REL004,84.3,48.4,79.6,27.2,78.8,2
2026-04-12,REL004,82.6,50.9,78.4,34.2,79.7,3
2026-04-13,REL004,83.7,46.2,78.4,32.2,84.4,3
2026-04-14,REL004,78.7,53.1,80.6,31.4,70.0,1
2026-04-15,REL004,93.6,55.8,75.0,39.5,69.5,4
2026-04-16,REL004,81.2,49.9,84.3,40.2,79.5,0
2026-04-17,REL004,89.9,49.5,79.3,35.0,66.3,3
2026-04-18,REL004,91.6,46.9,76.0,39.8,81.8,3
2026-04-19,REL004,78.1,44.3,75.7,34.4,76.2,3
2026-04-20,REL004,81.6,50.2,80.1,34.6,76.4,3
2026-04-21,REL004,84.1,44.3,79.4,34.0,76.0,3
2026-04-22,REL004,86.2,38.4,83.0,40.6,77.2,2
2026-04-23,REL004,84.5,54.6,80.2,33.2,79.0,2
2026-04-24,REL004,81.2,44.0,85.0,36.7,78.2,4
2026-04-25,REL004,83.4,62.1,77.1,39.0,74.4,2
2026-04-26,REL004,79.3,39.8,82.7,32.0,77.4,2
2026-04-27,REL004,90.6,49.3,77.4,37.3,76.0,2
2026-04-28,REL004,85.8,47.4,86.9,35.2,81.9,2
2026-04-29,REL004,81.5,40.0,78.3,32.1,79.5,3
2026-04-30,REL004,91.3,43.2,78.2,29.2,75.6,1
2026-05-01,REL004,74.3,53.9,78.9,36.4,75.5,2
2026-05-02,REL004,84.7,47.7,80.5,38.8,75.2,3
2026-05-03,REL004,87.0,51.2,78.4,37.9,80.8,2
2026-05-04,REL004,81.5,44.5,80.8,32.1,85.5,3
2026-05-05,REL004,86.6,52.6,83.0,42.2,85.6,2
2026-05-06,REL004,85.4,46.5,80.2,35.6,80.3,1
2026-05-07,REL004,87.1,48.8,76.7,37.8,82.5,3
2026-05-08,REL004,82.9,55.9,75.1,41.7,77.6,2
2026-05-09,REL004,78.8,49.7,77.8,38.1,70.1,4
2026-05-10,REL004,90.8,38.9,87.0,43.9,84.3,3
2026-03-02,REL005,57.9,40.3,84.6,10.6,75.6,2
2026-03-03,REL005,49.3,47.0,81.2,15.1,76.1,4
2026-03-04,REL005,61.8,37.4,81.4,9.8,73.0,3
2026-03-05,REL005,57.2,38.6,80.0,19.2,78.5,1
2026-03-06,REL005,59.5,52.8,80.6,17.2,72.2,2
2026-03-07,REL005,54.1,47.3,79.3,16.8,76.8,1
2026-03-08,REL005,56.7,38.3,73.8,13.1,75.7,2
2026-03-09,REL005,59.8,37.4,80.2,11.4,78.6,2
2026-03-10,REL005,60.3,41.5,83.9,17.1,73.0,0
2026-03-11,REL005,51.0,34.9,85.9,18.3,77.2,1
2026-03-12,REL005,60.4,37.5,80.0,19.6,76.3,1
2026-03-13,REL005,55.9,41.9,81.5,13.9,72.1,1
2026-03-14,REL005,51.4,40.2,83.3,12.8,71.6,0
2026-03-15,REL005,64.2,40.4,77.8,15.2,77.8,1
2026-03-16,REL005,58.4,44.1,81.7,23.8,74.9,4
2026-03-17,REL005,56.5,45.4,82.8,16.2,69.1,1
2026-03-18,REL005,61.2,27.7,87.2,10.2,80.6,2
2026-03-19,REL005,56.8,47.4,77.6,15.8,73.8,2
2026-03-20,REL005,64.9,31.2,83.0,17.4,83.2,2
2026-03-21,REL005,55.7,40.1,82.8,16.1,79.1,0
2026-03-22,REL005,63.1,46.4,80.0,12.6,82.0,3
2026-03-23,REL005,57.8,37.5,78.3,17.5,73.9,1
2026-03-24,REL005,58.8,32.5,85.6,13.7,79.0,1
2026-03-25,REL005,60.7,43.3,78.2,10.7,77.2,1
2026-03-26,REL005,56.9,47.3,82.5,21.4,75.0,2
2026-03-27,REL005,58.1,44.7,76.4,15.0,75.9,2
2026-03-28,REL005,58.9,34.2,82.9,22.1,75.2,2
2026-03-29,REL005,63.7,36.2,77.8,19.6,77.6,1
2026-03-30,REL005,61.5,38.9,83.0,20.0,78.8,1
2026-03-31,REL005,70.3,34.4,79.0,23.9,72.9,2
2026-04-01,REL005,60.7,40.0,83.3,14.8,81.3,1
2026-04-02,REL005,61.7,41.2,81.1,16.8,78.5,2
2026-04-03,REL005,59.7,35.8,75.4,10.1,75.2,2
2026-04-04,REL005,54.6,41.2,82.9,15.6,74.4,2
2026-04-05,REL005,57.3,39.0,85.1,22.0,81.6,3
2026-04-06,REL005,57.6,43.6,83.1,13.3,82.2,2
2026-04-07,REL005,61.4,37.4,80.9,18.7,72.8,1
2026-04-08,REL005,64.9,36.6,81.0,20.6,78.1,2
2026-04-09,REL005,65.8,42.8,84.1,22.8,74.2,3
2026-04-10,REL005,68.3,41.4,80.2,11.0,83.5,2
2026-04-11,REL005,63.5,36.9,77.7,10.0,78.9,2
2026-04-12,REL005,65.9,26.9,87.1,19.6,74.5,1
2026-04-13,REL005,56.8,41.3,84.8,12.0,75.9,2
2026-04-14,REL005,62.4,43.3,86.2,17.2,80.5,1
2026-04-15,REL005,66.0,41.1,85.4,17.3,75.8,2
2026-04-16,REL005,66.4,35.2,82.5,18.3,78.2,2
2026-04-17,REL005,58.7,42.6,86.3,23.3,76.9,2
2026-04-18,REL005,64.6,40.3,81.8,14.9,82.5,1
2026-04-19,REL005,57.8,36.1,80.8,15.8,78.6,1
2026-04-20,REL005,66.3,40.0,79.1,21.5,77.8,3
2026-04-21,REL005,59.4,31.0,79.2,19.7,79.3,2
2026-04-22,REL005,66.6,42.2,78.6,19.8,83.3,1
2026-04-23,REL005,64.5,41.4,80.9,19.9,87.4,2
2026-04-24,REL005,61.2,35.7,82.0,17.1,76.7,3
2026-04-25,REL005,57.4,26.2,82.6,15.5,85.4,3
2026-04-26,REL005,63.4,41.3,81.1,14.4,80.3,1
2026-04-27,REL005,54.8,27.4,78.3,18.0,74.7,1
2026-04-28,REL005,65.4,41.8,80.1,17.8,70.6,2
2026-04-29,REL005,58.0,30.6,80.6,20.7,78.9,4
2026-04-30,REL005,67.2,33.2,82.7,21.2,74.6,1
2026-05-01,REL005,63.2,39.2,80.7,17.3,78.7,1
2026-05-02,REL005,62.0,46.9,85.0,28.0,77.0,2
2026-05-03,REL005,67.5,38.6,86.4,22.1,75.5,2
2026-05-04,REL005,67.7,34.3,83.4,16.2,82.9,2
2026-05-05,REL005,75.1,31.8,82.2,21.3,78.5,1
2026-05-06,REL005,67.6,38.5,81.7,20.9,81.7,2
2026-05-07,REL005,61.6,34.4,81.8,23.5,77.5,1
2026-05-08,REL005,69.2,36.9,82.2,24.0,75.8,2
2026-05-09,REL005,68.5,30.6,79.5,18.9,80.2,2
2026-05-10,REL005,70.5,37.1,86.2,18.9,79.6,3
2026-03-02,REL006,81.3,54.2,76.5,65.7,80.9,2
2026-03-03,REL006,81.6,61.6,73.0,68.4,80.1,2
2026-03-04,REL006,85.8,58.2,79.3,64.3,78.8,2
2026-03-05,REL006,78.9,50.1,82.2,73.0,82.1,2
2026-03-06,REL006,86.4,52.4,75.5,73.0,73.8,4
2026-03-07,REL006,89.3,59.1,82.2,70.9,73.2,4
2026-03-08,REL006,83.2,60.8,80.7,70.5,69.3,3
2026-03-09,REL006,79.7,53.1,83.2,71.7,84.7,2
2026-03-10,REL006,87.3,49.4,76.7,62.3,71.9,1
2026-03-11,REL006,83.1,42.0,78.9,71.0,83.8,3
2026-03-12,REL006,86.8,47.7,87.7,69.7,81.6,2
2026-03-13,REL006,81.3,48.5,76.5,65.0,82.1,4
2026-03-14,REL006,84.3,51.3,80.5,63.4,81.0,4
2026-03-15,REL006,82.5,55.7,83.1,62.8,80.8,3
2026-03-16,REL006,88.6,55.4,78.8,68.8,76.7,3
2026-03-17,REL006,88.0,43.6,78.3,72.4,76.2,2
2026-03-18,REL006,87.8,43.3,76.8,68.7,77.9,1
2026-03-19,REL006,89.6,56.8,75.2,63.5,73.8,2
2026-03-20,REL006,87.9,47.8,81.5,66.3,78.9,3
2026-03-21,REL006,87.4,61.4,77.7,68.4,72.9,1
2026-03-22,REL006,87.8,48.0,80.2,69.1,77.8,1
2026-03-23,REL006,77.3,45.3,78.8,68.7,78.4,2
2026-03-24,REL006,83.0,48.1,77.3,64.0,77.9,3
2026-03-25,REL006,83.1,60.9,76.3,72.8,79.3,1
2026-03-26,REL006,84.7,45.6,76.1,67.1,80.1,2
2026-03-27,REL006,88.8,50.7,75.0,67.8,73.1,2
2026-03-28,REL006,85.7,43.1,78.6,72.3,80.4,2
2026-03-29,REL006,86.9,52.3,79.3,76.0,78.6,3
2026-03-30,REL006,88.4,57.4,76.1,64.8,74.7,2
2026-03-31,REL006,83.0,54.1,78.6,69.5,74.2,3
2026-04-01,REL006,83.2,40.2,87.0,72.5,81.4,2
2026-04-02,REL006,81.3,45.4,78.6,69.7,77.6,2
2026-04-03,REL006,87.9,49.3,80.7,71.2,77.5,3
2026-04-04,REL006,85.6,50.4,81.7,80.0,72.2,1
2026-04-05,REL006,89.1,46.3,82.5,75.7,68.6,2
2026-04-06,REL006,87.5,47.6,85.3,64.9,76.4,2
2026-04-07,REL006,91.4,48.5,75.8,70.4,81.2,3
2026-04-08,REL006,80.4,42.5,79.0,71.7,78.7,2
2026-04-09,REL006,86.0,49.2,79.8,66.4,74.6,2
2026-04-10,REL006,87.3,53.5,75.9,72.6,75.7,2
2026-04-11,REL006,89.5,56.5,73.8,73.3,77.3,1
2026-04-12,REL006,94.5,55.2,79.7,72.8,79.4,3
2026-04-13,REL006,89.5,40.5,82.6,67.5,77.6,3
2026-04-14,REL006,85.1,47.3,78.0,71.2,74.8,2
2026-04-15,REL006,86.3,45.8,79.8,70.8,79.9,3
2026-04-16,REL006,91.6,41.4,87.0,68.9,87.0,2
2026-04-17,REL006,89.5,48.1,81.2,74.6,74.4,3
2026-04-18,REL006,87.7,56.8,75.9,76.3,78.9,3
2026-04-19,REL006,89.0,51.4,81.5,77.7,83.0,2
2026-04-20,REL006,94.7,54.0,75.9,61.3,74.5,4
2026-04-21,REL006,86.8,52.7,83.6,68.5,76.9,2
2026-04-22,REL006,92.7,39.1,76.7,72.0,77.5,2
2026-04-23,REL006,86.5,45.4,77.1,71.9,82.8,3
2026-04-24,REL006,85.0,56.7,75.0,69.6,75.9,0
2026-04-25,REL006,86.3,42.1,81.7,73.1,78.1,5
2026-04-26,REL006,88.1,47.3,77.2,66.9,81.5,3
2026-04-27,REL006,86.3,50.9,79.4,80.1,77.9,2
2026-04-28,REL006,82.5,44.6,73.6,69.1,84.7,3
2026-04-29,REL006,87.5,51.8,76.9,73.1,85.0,1
2026-04-30,REL006,85.4,44.6,85.5,71.8,73.8,2
2026-05-01,REL006,85.1,51.4,87.9,69.9,78.4,3
2026-05-02,REL006,88.1,54.1,77.3,72.8,78.2,4
2026-05-03,REL006,89.8,50.5,77.3,71.8,77.2,3
2026-05-04,REL006,86.1,48.7,81.7,72.0,76.2,2
2026-05-05,REL006,92.1,48.6,79.9,70.7,84.1,2
2026-05-06,REL006,92.1,36.8,79.5,67.5,76.9,2
2026-05-07,REL006,93.1,52.0,79.6,70.9,74.7,0
2026-05-08,REL006,94.8,52.5,78.8,61.3,75.3,1
2026-05-09,REL006,95.3,57.3,78.1,68.5,82.8,3
2026-05-10,REL006,93.8,45.5,81.8,70.2,83.3,1
2026-03-02,REL007,60.3,20.9,77.3,59.1,81.5,0
2026-03-03,REL007,56.0,31.5,80.0,52.2,77.3,1
2026-03-04,REL007,61.2,23.2,88.4,58.3,77.0,1
2026-03-05,REL007,53.7,20.9,77.5,47.0,76.1,1
2026-03-06,REL007,54.2,21.7,83.1,61.8,78.8,0
2026-03-07,REL007,57.8,21.0,83.1,58.5,71.5,1
2026-03-08,REL007,52.4,17.9,79.8,51.9,80.4,0
2026-03-09,REL007,59.6,24.7,76.2,55.4,73.6,2
2026-03-10,REL007,58.2,22.0,83.4,56.1,83.9,0
2026-03-11,REL007,59.5,30.7,79.3,52.6,74.0,2
2026-03-12,REL007,60.5,24.6,84.2,55.0,84.6,1
2026-03-13,REL007,51.8,19.8,88.1,53.0,79.7,4
2026-03-14,REL007,57.1,22.9,82.0,52.8,77.2,1
2026-03-15,REL007,57.4,28.1,83.7,53.4,74.8,1
2026-03-16,REL007,58.4,14.2,84.6,54.8,74.0,2
2026-03-17,REL007,55.2,13.6,83.3,51.2,78.8,2
2026-03-18,REL007,57.7,17.3,85.9,56.0,76.6,1
2026-03-19,REL007,60.9,20.2,85.9,57.4,79.8,3
2026-03-20,REL007,54.6,29.2,81.5,61.6,85.3,1
2026-03-21,REL007,61.5,18.1,81.2,62.3,78.7,2
2026-03-22,REL007,55.0,20.9,83.0,53.1,79.3,1
2026-03-23,REL007,62.6,15.0,83.9,53.9,85.5,1
2026-03-24,REL007,61.4,23.6,85.5,57.2,82.1,1
2026-03-25,REL007,54.2,23.4,85.1,54.4,68.0,0
2026-03-26,REL007,61.9,13.4,82.8,60.0,81.6,0
2026-03-27,REL007,63.1,22.4,80.6,55.8,76.9,2
2026-03-28,REL007,59.1,20.9,85.7,58.3,79.6,1
2026-03-29,REL007,59.7,25.8,85.5,56.9,74.6,2
2026-03-30,REL007,54.5,17.6,86.5,59.0,71.7,1
2026-03-31,REL007,64.1,24.4,79.9,63.7,82.5,1
2026-04-01,REL007,52.7,28.2,86.6,56.1,76.1,0
2026-04-02,REL007,64.6,14.1,83.9,55.2,83.7,3
2026-04-03,REL007,58.7,23.9,86.1,60.6,86.1,2
2026-04-04,REL007,66.2,23.5,85.7,64.8,86.9,2
2026-04-05,REL007,60.4,28.9,82.2,55.6,81.6,1
2026-04-06,REL007,64.7,15.3,83.7,58.4,84.4,1
2026-04-07,REL007,54.2,21.6,80.6,55.9,82.0,0
2026-04-08,REL007,62.1,23.0,83.5,63.1,78.8,1
2026-04-09,REL007,53.6,18.7,88.6,58.2,80.0,0
2026-04-10,REL007,59.4,18.1,88.6,59.3,74.4,0
2026-04-11,REL007,64.3,23.5,80.2,56.0,78.0,2
2026-04-12,REL007,60.6,24.9,85.1,61.8,72.4,2
2026-04-13,REL007,59.9,21.0,83.1,61.3,81.7,2
2026-04-14,REL007,59.2,21.5,80.0,60.6,74.3,2
2026-04-15,REL007,64.6,25.3,85.3,55.2,82.2,3
2026-04-16,REL007,59.5,18.6,89.2,52.7,79.1,4
2026-04-17,REL007,59.6,16.9,88.9,51.2,81.2,1
2026-04-18,REL007,62.5,15.0,86.9,59.0,85.1,2
2026-04-19,REL007,64.6,27.0,81.2,58.1,78.9,4
2026-04-20,REL007,59.9,13.9,87.9,61.6,78.0,0
2026-04-21,REL007,64.6,18.4,83.5,57.1,75.8,1
2026-04-22,REL007,60.0,14.1,84.7,65.5,78.9,0
2026-04-23,REL007,57.9,13.0,82.9,56.0,77.3,2
2026-04-24,REL007,57.9,15.1,85.9,53.9,74.9,1
2026-04-25,REL007,57.5,17.2,87.1,57.7,78.3,1
2026-04-26,REL007,66.4,15.4,86.2,64.0,76.8,2
2026-04-27,REL007,59.3,15.7,84.4,61.3,79.5,1
2026-04-28,REL007,60.0,22.2,84.0,64.2,78.5,1
2026-04-29,REL007,60.4,7.8,82.9,58.6,79.7,0
2026-04-30,REL007,65.4,16.6,78.3,60.7,82.0,1
2026-05-01,REL007,65.4,21.6,80.2,56.9,83.9,1
2026-05-02,REL007,63.3,9.8,81.8,61.1,85.7,2
2026-05-03,REL007,57.7,18.3,81.2,69.9,65.9,0
2026-05-04,REL007,61.0,20.5,87.3,60.9,75.2,2
2026-05-05,REL007,62.4,20.2,84.1,62.1,81.1,1
2026-05-06,REL007,78.0,20.6,76.4,62.0,84.1,0
2026-05-07,REL007,59.0,17.9,85.8,63.4,81.3,1
2026-05-08,REL007,60.3,24.1,84.3,63.5,73.8,1
2026-05-09,REL007,64.8,11.8,85.9,69.9,74.9,2
2026-05-10,REL007,63.1,27.4,86.2,69.6,78.2,0
2026-03-02,REL008,81.6,18.3,87.3,67.9,77.8,2
2026-03-03,REL008,79.1,8.2,84.4,68.7,75.1,2
2026-03-04,REL008,83.2,28.3,85.6,70.0,74.2,2
2026-03-05,REL008,83.2,23.8,79.3,57.7,77.3,1
2026-03-06,REL008,80.2,26.5,84.3,67.0,81.1,2
2026-03-07,REL008,86.4,20.3,79.6,72.5,72.4,2
2026-03-08,REL008,85.0,20.4,81.3,70.2,79.1,1
2026-03-09,REL008,85.6,27.4,83.2,67.0,79.9,0
2026-03-10,REL008,86.4,16.6,79.8,69.1,75.0,3
2026-03-11,REL008,86.4,24.9,86.3,70.4,81.8,1
2026-03-12,REL008,82.1,13.6,90.4,68.4,72.8,3
2026-03-13,REL008,84.5,12.4,85.6,73.4,86.5,1
2026-03-14,REL008,95.8,25.7,82.3,71.1,79.6,0
2026-03-15,REL008,97.7,22.6,86.3,70.5,93.7,1
2026-03-16,REL008,90.4,21.7,87.1,75.4,75.1,1
2026-03-17,REL008,86.1,17.6,87.7,69.2,79.1,1
2026-03-18,REL008,82.2,19.2,77.8,67.8,84.2,1
2026-03-19,REL008,88.9,15.0,85.7,75.6,81.1,0
2026-03-20,REL008,88.8,23.6,82.6,75.7,80.5,0
2026-03-21,REL008,87.7,19.9,85.0,82.7,77.0,0
2026-03-22,REL008,85.6,20.9,81.9,71.5,83.3,0
2026-03-23,REL008,89.8,26.7,85.8,71.9,89.5,1
2026-03-24,REL008,90.1,29.9,89.1,75.8,75.1,2
2026-03-25,REL008,94.1,14.3,80.8,66.8,81.4,0
2026-03-26,REL008,84.9,18.9,84.1,74.4,73.0,2
2026-03-27,REL008,89.5,27.0,86.1,66.1,83.0,1
2026-03-28,REL008,93.3,16.5,90.5,69.1,78.6,0
2026-03-29,REL008,87.3,19.9,80.4,64.4,77.2,1
2026-03-30,REL008,92.4,21.5,82.5,74.7,78.6,2
2026-03-31,REL008,92.8,29.5,81.5,72.0,78.8,0
2026-04-01,REL008,88.7,19.4,86.1,73.2,86.7,0
2026-04-02,REL008,92.0,29.3,74.9,71.0,79.8,2
2026-04-03,REL008,90.8,20.5,83.6,66.8,83.2,0
2026-04-04,REL008,90.4,28.6,82.4,72.4,82.8,1
2026-04-05,REL008,90.9,19.0,85.1,70.4,86.5,1
2026-04-06,REL008,89.0,24.1,85.2,76.3,77.4,0
2026-04-07,REL008,80.2,15.3,85.3,79.4,77.1,3
2026-04-08,REL008,91.4,12.7,88.6,78.9,80.1,2
2026-04-09,REL008,88.8,22.3,83.1,73.2,80.0,0
2026-04-10,REL008,90.0,14.6,82.3,67.7,86.7,0
2026-04-11,REL008,89.3,13.9,86.8,75.2,82.5,2
2026-04-12,REL008,91.8,13.9,84.8,73.0,77.7,3
2026-04-13,REL008,84.9,15.6,87.7,70.6,81.4,1
2026-04-14,REL008,85.4,22.8,88.6,77.6,84.6,1
2026-04-15,REL008,92.4,22.4,78.5,79.4,74.0,2
2026-04-16,REL008,97.3,22.2,83.1,73.9,78.4,1
2026-04-17,REL008,93.3,19.9,86.1,73.3,79.1,1
2026-04-18,REL008,92.1,21.4,79.8,77.3,81.0,1
2026-04-19,REL008,87.7,27.8,85.3,76.1,82.9,1
2026-04-20,REL008,81.6,18.1,86.7,70.4,83.1,0
2026-04-21,REL008,90.3,15.7,84.0,77.2,85.5,1
2026-04-22,REL008,95.9,24.8,81.1,78.5,82.6,1
2026-04-23,REL008,92.9,17.7,85.8,75.8,80.5,2
2026-04-24,REL008,91.6,17.9,82.9,77.8,85.5,2
2026-04-25,REL008,90.6,30.2,84.7,76.7,84.1,0
2026-04-26,REL008,97.4,23.7,84.7,77.7,79.0,0
2026-04-27,REL008,91.0,15.2,89.0,76.3,82.3,1
2026-04-28,REL008,95.1,15.1,82.9,75.9,80.0,2
2026-04-29,REL008,84.3,23.5,86.0,76.8,84.0,3
2026-04-30,REL008,93.3,16.0,86.3,76.4,83.7,0
2026-05-01,REL008,87.0,17.1,86.3,80.3,84.3,1
2026-05-02,REL008,89.6,18.6,83.9,72.1,82.9,3
2026-05-03,REL008,97.1,19.2,87.6,79.2,81.4,0
2026-05-04,REL008,99.1,24.5,83.9,70.1,77.0,2
2026-05-05,REL008,88.0,14.7,85.0,79.0,85.0,2
2026-05-06,REL008,97.2,10.2,88.8,74.0,80.2,1
2026-05-07,REL008,93.6,26.3,81.0,84.0,91.3,0
2026-05-08,REL008,90.0,13.0,86.9,85.8,82.1,1
2026-05-09,REL008,95.5,19.7,85.3,68.3,77.2,0
2026-05-10,REL008,90.0,22.0,81.4,66.6,78.3,2
2026-03-02,REL009,74.4,60.2,83.7,66.5,70.0,1
2026-03-03,REL009,77.8,68.9,71.2,58.4,72.2,2
2026-03-04,REL009,74.9,57.5,79.3,66.3,75.5,1
2026-03-05,REL009,78.0,59.1,79.2,57.7,67.4,2
2026-03-06,REL009,72.7,55.6,82.9,60.9,70.8,3
2026-03-07,REL009,69.4,56.3,78.3,56.8,69.4,1
2026-03-08,REL009,78.1,61.8,81.0,60.1,79.4,3
2026-03-09,REL009,71.7,55.4,83.6,61.8,71.6,2
2026-03-10,REL009,72.4,69.7,78.5,63.2,75.5,2
2026-03-11,REL009,73.7,65.1,75.6,67.8,73.3,2
2026-03-12,REL009,74.4,58.1,80.8,73.5,81.4,3
2026-03-13,REL009,78.2,54.3,75.4,58.8,79.4,4
2026-03-14,REL009,77.8,62.2,79.3,57.5,66.4,3
2026-03-15,REL009,75.7,68.8,77.1,58.1,73.5,5
2026-03-16,REL009,72.4,66.2,77.5,58.5,78.2,2
2026-03-17,REL009,74.5,64.6,76.6,58.5,74.2,2
2026-03-18,REL009,75.8,54.7,79.8,63.2,78.1,3
2026-03-19,REL009,68.8,59.9,79.6,63.2,74.5,3
2026-03-20,REL009,77.4,58.5,78.6,64.0,73.3,2
2026-03-21,REL009,71.4,54.0,81.8,63.7,75.5,2
2026-03-22,REL009,82.0,60.1,76.5,63.8,77.2,2
2026-03-23,REL009,64.2,71.7,78.4,64.4,76.6,3
2026-03-24,REL009,74.1,58.6,78.0,61.7,73.2,3
2026-03-25,REL009,80.2,63.4,78.5,56.6,77.2,3
2026-03-26,REL009,77.5,64.3,73.3,60.6,71.7,3
2026-03-27,REL009,77.1,59.1,74.1,60.7,79.8,4
2026-03-28,REL009,75.7,64.9,75.9,62.4,77.8,2
2026-03-29,REL009,77.4,56.7,78.3,69.6,75.3,4
2026-03-30,REL009,73.2,53.8,80.3,64.1,89.7,3
2026-03-31,REL009,70.0,65.4,77.0,71.0,75.8,3
2026-04-01,REL009,72.5,67.0,75.0,60.5,82.6,2
2026-04-02,REL009,76.5,57.4,79.2,63.9,81.0,2
2026-04-03,REL009,75.3,58.8,77.7,66.0,70.3,2
2026-04-04,REL009,75.9,57.2,79.9,67.0,72.4,4
2026-04-05,REL009,76.2,60.6,85.7,60.0,76.3,3
2026-04-06,REL009,78.6,60.4,80.1,61.8,76.5,4
2026-04-07,REL009,77.0,53.1,78.8,64.6,86.0,3
2026-04-08,REL009,75.4,56.6,79.4,63.4,78.4,3
2026-04-09,REL009,77.3,61.9,74.5,63.8,82.4,4
2026-04-10,REL009,72.1,63.5,77.8,71.9,83.1,1
2026-04-11,REL009,72.1,61.8,79.7,65.0,80.5,1
2026-04-12,REL009,82.5,70.3,79.8,65.2,69.3,1
2026-04-13,REL009,78.6,60.0,79.5,68.5,78.9,3
2026-04-14,REL009,74.0,55.6,80.8,66.8,76.8,4
2026-04-15,REL009,80.2,70.6,78.6,69.5,76.5,4
2026-04-16,REL009,73.4,64.0,81.0,64.3,80.6,3
2026-04-17,REL009,80.5,62.7,80.9,67.0,80.1,4
2026-04-18,REL009,85.2,54.9,81.3,60.2,79.1,2
2026-04-19,REL009,77.7,59.2,82.1,67.1,77.9,5
2026-04-20,REL009,88.4,53.4,79.3,70.2,73.5,3
2026-04-21,REL009,80.4,53.1,82.1,71.5,75.7,2
2026-04-22,REL009,75.3,59.1,77.3,62.5,71.1,3
2026-04-23,REL009,83.9,59.2,84.5,70.0,72.4,2
2026-04-24,REL009,73.3,53.9,84.3,64.2,74.7,2
2026-04-25,REL009,81.3,65.0,76.7,69.6,79.2,2
2026-04-26,REL009,73.1,64.1,74.5,61.8,69.0,2
2026-04-27,REL009,74.6,62.7,72.4,67.5,73.7,1
2026-04-28,REL009,77.6,67.7,78.9,69.5,70.9,3
2026-04-29,REL009,77.0,57.5,80.0,64.7,73.6,1
2026-04-30,REL009,84.9,53.8,80.7,62.4,79.0,3
2026-05-01,REL009,79.3,61.4,78.4,65.8,71.0,4
2026-05-02,REL009,78.9,57.4,79.7,64.4,79.0,1
2026-05-03,REL009,77.5,62.5,78.9,62.3,71.0,3
2026-05-04,REL009,72.1,54.3,82.4,68.9,74.5,5
2026-05-05,REL009,75.6,69.1,77.3,62.5,78.0,4
2026-05-06,REL009,84.1,56.7,77.7,65.9,75.2,3
2026-05-07,REL009,76.5,47.5,79.7,71.6,78.0,3
2026-05-08,REL009,85.1,42.8,80.2,70.1,72.8,3
2026-05-09,REL009,87.6,47.7,75.6,66.5,77.0,1
2026-05-10,REL009,83.1,63.6,78.8,69.0,74.2,2
2026-03-02,REL010,97.5,72.5,72.3,69.4,77.1,3
2026-03-03,REL010,95.7,55.0,79.6,62.7,76.8,3
2026-03-04,REL010,95.2,71.0,77.7,71.9,75.0,4
2026-03-05,REL010,100,76.3,77.5,66.1,75.2,1
2026-03-06,REL010,94.0,71.0,85.9,64.4,72.9,3
2026-03-07,REL010,97.5,63.6,80.2,68.2,72.4,3
2026-03-08,REL010,100,75.1,74.7,70.1,72.5,2
2026-03-09,REL010,100,74.8,73.7,65.0,80.7,4
2026-03-10,REL010,100,75.6,73.5,68.9,81.8,3
2026-03-11,REL010,96.6,66.6,77.1,76.3,72.5,4
2026-03-12,REL010,100,72.6,74.6,67.6,80.3,3
2026-03-13,REL010,100,65.4,79.1,71.5,72.7,2
2026-03-14,REL010,100,69.6,75.4,70.5,75.8,2
2026-03-15,REL010,100,68.1,74.8,69.7,79.3,3
2026-03-16,REL010,93.6,64.8,71.3,65.7,80.6,2
2026-03-17,REL010,100,59.9,79.2,69.4,74.5,4
2026-03-18,REL010,90.1,70.5,79.8,71.7,76.1,3
2026-03-19,REL010,99.1,58.3,78.6,73.3,78.3,3
2026-03-20,REL010,96.8,66.1,74.7,66.0,68.6,3
2026-03-21,REL010,100,66.4,75.7,64.8,79.2,4
2026-03-22,REL010,100,71.9,82.1,65.2,77.9,2
2026-03-23,REL010,100,68.3,70.2,67.8,80.3,4
2026-03-24,REL010,99.9,52.8,80.4,64.5,81.1,4
2026-03-25,REL010,100,52.8,82.5,64.4,77.0,4
2026-03-26,REL010,99.0,65.2,79.9,74.7,74.1,4
2026-03-27,REL010,100,56.4,78.9,74.3,83.6,1
2026-03-28,REL010,100,63.8,75.7,68.8,71.7,3
2026-03-29,REL010,97.0,68.1,76.7,72.9,75.2,4
2026-03-30,REL010,100,60.8,78.7,63.5,78.5,2
2026-03-31,REL010,100,53.3,76.9,82.3,76.4,3
2026-04-01,REL010,100,69.0,78.6,78.2,79.4,2
2026-04-02,REL010,100,70.8,74.0,65.4,74.4,2
2026-04-03,REL010,100,65.0,76.8,63.8,76.8,3
2026-04-04,REL010,100,64.5,75.7,73.4,80.0,3
2026-04-05,REL010,100,54.7,82.2,69.3,79.0,2
2026-04-06,REL010,99.3,61.9,79.4,72.0,77.3,4
2026-04-07,REL010,100,56.9,78.3,68.1,73.4,4
2026-04-08,REL010,100,57.2,79.0,75.2,81.1,3
2026-04-09,REL010,100,65.0,79.4,74.4,76.4,3
2026-04-10,REL010,100,66.7,78.1,69.0,75.2,4
2026-04-11,REL010,100,66.2,78.2,63.2,76.2,2
2026-04-12,REL010,100,62.4,81.2,80.2,78.5,4
2026-04-13,REL010,97.4,58.9,75.1,72.3,75.2,3
2026-04-14,REL010,100,62.9,75.3,72.3,75.9,4
2026-04-15,REL010,100,65.1,76.4,64.6,74.1,2
2026-04-16,REL010,97.6,62.0,82.8,73.0,80.4,1
2026-04-17,REL010,100,61.6,79.1,68.0,77.7,1
2026-04-18,REL010,100,66.7,76.1,74.5,76.8,4
2026-04-19,REL010,100,68.1,75.4,71.3,64.9,3
2026-04-20,REL010,100,62.0,76.2,71.1,72.3,3
2026-04-21,REL010,100,56.1,81.6,72.8,87.6,4
2026-04-22,REL010,100,54.0,77.7,75.6,74.3,3
2026-04-23,REL010,100,55.8,79.3,70.9,72.8,2
2026-04-24,REL010,100,54.1,78.7,76.3,80.8,3
2026-04-25,REL010,98.1,70.0,76.2,72.3,72.5,3
2026-04-26,REL010,100,72.8,79.2,70.4,71.4,1
2026-04-27,REL010,100,55.6,77.3,73.5,74.2,4
2026-04-28,REL010,100,57.8,79.2,71.2,87.1,2
2026-04-29,REL010,100,72.1,76.0,73.6,73.5,3
2026-04-30,REL010,100,56.4,75.8,71.9,77.6,1
2026-05-01,REL010,97.8,69.4,78.8,71.4,71.2,4
2026-05-02,REL010,100,67.5,80.9,75.8,77.1,3
2026-05-03,REL010,100,70.2,72.6,70.5,75.7,3
2026-05-04,REL010,99.9,68.5,79.2,77.2,74.2,3
2026-05-05,REL010,100,64.8,74.9,75.6,78.4,3
2026-05-06,REL010,100,61.7,84.4,72.9,83.1,3
2026-05-07,REL010,100,73.7,77.5,79.0,78.0,1
2026-05-08,REL010,100,63.5,76.2,77.6,77.6,2
2026-05-09,REL010,100,63.0,80.2,76.2,78.0,3
2026-05-10,REL010,100,68.4,76.8,73.5,69.2,3
2026-03-02,REL011,42.4,46.8,79.7,35.9,73.5,2
2026-03-03,REL011,41.1,45.5,76.1,39.3,74.9,2
2026-03-04,REL011,36.8,53.9,79.0,38.2,74.6,3
2026-03-05,REL011,42.6,49.4,81.0,34.7,70.2,5
2026-03-06,REL011,48.3,43.8,79.4,40.1,79.9,0
2026-03-07,REL011,43.0,45.4,79.4,42.5,79.9,1
2026-03-08,REL011,45.7,46.0,83.4,40.0,81.4,3
2026-03-09,REL011,34.2,49.5,83.2,42.6,76.0,3
2026-03-10,REL011,43.6,53.2,77.9,32.7,77.5,5
2026-03-11,REL011,45.4,40.6,81.1,36.0,74.0,3
2026-03-12,REL011,49.1,47.0,81.0,37.3,69.2,2
2026-03-13,REL011,43.6,40.9,82.2,43.4,66.1,3
2026-03-14,REL011,52.6,39.3,79.0,39.6,78.2,0
2026-03-15,REL011,44.7,42.7,77.9,38.6,78.0,2
2026-03-16,REL011,41.3,47.3,85.5,35.8,73.8,0
2026-03-17,REL011,44.0,41.3,84.1,39.7,73.0,3
2026-03-18,REL011,50.1,46.6,79.4,36.9,64.6,2
2026-03-19,REL011,43.1,36.5,80.6,37.7,74.2,2
2026-03-20,REL011,43.7,56.8,82.4,38.5,69.2,2
2026-03-21,REL011,42.9,43.0,75.4,37.4,71.9,3
2026-03-22,REL011,54.0,44.2,79.9,40.1,70.5,3
2026-03-23,REL011,45.5,35.0,87.4,34.7,77.2,1
2026-03-24,REL011,49.1,42.4,81.3,42.9,81.5,2
2026-03-25,REL011,42.3,46.7,85.6,37.2,70.2,1
2026-03-26,REL011,45.3,35.8,86.8,41.2,75.2,1
2026-03-27,REL011,43.9,43.8,77.8,43.2,81.0,3
2026-03-28,REL011,44.8,43.1,82.0,35.6,79.6,2
2026-03-29,REL011,44.8,52.1,83.3,45.3,70.6,2
2026-03-30,REL011,42.1,37.7,83.6,34.6,74.1,0
2026-03-31,REL011,51.2,41.0,79.3,34.0,75.3,3
2026-04-01,REL011,53.5,46.9,81.1,37.5,74.9,1
2026-04-02,REL011,42.6,41.7,77.2,44.8,67.1,2
2026-04-03,REL011,45.9,44.5,83.3,37.5,77.6,2
2026-04-04,REL011,46.6,40.4,84.1,41.7,78.3,0
2026-04-05,REL011,49.0,47.2,84.8,39.3,78.8,4
2026-04-06,REL011,49.9,39.1,80.0,35.1,83.1,2
2026-04-07,REL011,50.5,34.6,78.9,45.2,77.6,2
2026-04-08,REL011,53.8,29.0,78.5,43.0,78.6,2
2026-04-09,REL011,46.8,43.1,84.5,35.3,73.7,0
2026-04-10,REL011,50.6,40.3,82.6,43.5,82.8,2
2026-04-11,REL011,49.2,37.7,86.2,38.9,71.3,3
2026-04-12,REL011,48.2,34.6,84.7,31.4,84.3,1
2026-04-13,REL011,45.5,31.0,78.7,40.8,79.8,2
2026-04-14,REL011,49.6,36.7,80.8,41.2,66.5,1
2026-04-15,REL011,54.5,30.0,79.3,45.3,81.8,1
2026-04-16,REL011,44.6,47.7,82.7,43.9,69.6,0
2026-04-17,REL011,47.3,38.4,77.2,38.3,77.2,2
2026-04-18,REL011,45.3,44.9,80.1,38.6,71.7,2
2026-04-19,REL011,48.6,38.8,87.0,41.1,74.6,3
2026-04-20,REL011,49.4,32.7,85.6,46.2,80.8,2
2026-04-21,REL011,54.4,42.4,78.6,37.0,81.6,1
2026-04-22,REL011,52.8,44.5,79.9,41.0,71.1,3
2026-04-23,REL011,45.6,39.4,83.8,44.0,74.2,2
2026-04-24,REL011,52.1,45.4,82.8,38.4,77.1,0
2026-04-25,REL011,42.5,27.2,79.6,43.4,79.1,3
2026-04-26,REL011,40.7,44.2,77.6,40.5,77.1,2
2026-04-27,REL011,53.2,37.8,83.3,37.9,74.5,2
2026-04-28,REL011,47.5,45.9,77.4,41.2,78.4,2
2026-04-29,REL011,52.5,50.5,80.3,43.5,71.7,2
2026-04-30,REL011,49.0,42.9,82.1,45.4,71.2,1
2026-05-01,REL011,56.4,49.0,78.0,40.2,78.6,1
2026-05-02,REL011,46.3,36.8,82.2,40.7,71.3,1
2026-05-03,REL011,46.8,36.8,80.3,38.4,80.8,2
2026-05-04,REL011,52.8,39.3,80.7,45.9,78.4,4
2026-05-05,REL011,52.9,38.9,79.5,37.8,79.7,2
2026-05-06,REL011,54.5,41.6,80.5,45.4,75.6,3
2026-05-07,REL011,59.8,49.1,79.6,42.8,75.1,1
2026-05-08,REL011,54.5,49.6,79.5,46.5,75.8,3
2026-05-09,REL011,45.6,36.9,85.0,39.6,76.8,2
2026-05-10,REL011,54.2,39.0,84.4,49.1,75.2,2
2026-03-02,REL012,54.7,75.4,79.9,74.7,74.3,4
2026-03-03,REL012,67.1,70.6,76.5,77.1,72.9,3
2026-03-04,REL012,64.9,70.2,77.5,79.5,76.0,5
2026-03-05,REL012,64.9,77.3,71.4,69.4,71.2,0
2026-03-06,REL012,63.8,77.6,75.3,77.4,79.6,3
2026-03-07,REL012,60.6,68.2,83.7,68.0,80.1,5
2026-03-08,REL012,63.3,72.0,74.1,70.6,72.6,4
2026-03-09,REL012,60.2,66.4,78.6,70.5,78.0,3
2026-03-10,REL012,57.2,77.7,78.7,75.3,73.0,3
2026-03-11,REL012,63.6,63.9,74.5,74.4,75.7,3
2026-03-12,REL012,64.8,71.2,77.2,72.3,79.7,3
2026-03-13,REL012,62.0,77.5,72.2,71.8,71.2,3
2026-03-14,REL012,63.4,68.3,74.5,77.7,73.1,5
2026-03-15,REL012,68.7,69.7,77.5,73.1,69.2,4
2026-03-16,REL012,66.0,67.3,80.4,76.2,69.7,3
2026-03-17,REL012,62.7,69.1,80.4,71.3,69.9,5
2026-03-18,REL012,67.2,70.6,76.5,75.9,73.6,4
2026-03-19,REL012,68.4,72.6,75.0,80.5,74.3,4
2026-03-20,REL012,68.7,62.8,80.3,77.6,73.6,3
2026-03-21,REL012,71.7,79.7,73.5,77.8,74.1,3
2026-03-22,REL012,70.1,73.2,77.6,73.9,76.7,2
2026-03-23,REL012,57.9,75.5,77.9,69.3,68.1,4
2026-03-24,REL012,60.0,65.4,77.4,71.9,80.6,3
2026-03-25,REL012,69.6,62.2,81.3,70.8,73.5,3
2026-03-26,REL012,65.8,71.0,75.2,71.5,69.8,3
2026-03-27,REL012,58.5,72.2,76.9,68.9,75.3,4
2026-03-28,REL012,64.7,70.1,76.0,73.2,76.5,4
2026-03-29,REL012,63.4,64.6,77.2,71.4,73.5,4
2026-03-30,REL012,70.2,62.5,75.0,71.1,72.7,3
2026-03-31,REL012,66.1,60.2,82.1,67.7,75.8,3
2026-04-01,REL012,62.9,69.3,76.2,77.7,76.7,3
2026-04-02,REL012,65.4,74.7,79.0,75.2,75.2,4
2026-04-03,REL012,65.3,67.1,79.7,73.9,70.8,4
2026-04-04,REL012,67.6,74.4,79.0,69.0,80.1,5
2026-04-05,REL012,66.3,74.9,78.8,68.8,79.8,2
2026-04-06,REL012,68.4,67.4,76.1,71.6,78.1,4
2026-04-07,REL012,60.0,69.3,76.5,73.8,67.6,5
2026-04-08,REL012,63.9,74.9,76.5,70.9,78.0,3
2026-04-09,REL012,62.1,62.3,76.5,77.4,75.0,4
2026-04-10,REL012,64.4,70.3,80.1,79.9,72.8,4
2026-04-11,REL012,70.0,71.4,78.6,71.4,71.3,3
2026-04-12,REL012,61.5,72.2,80.7,75.2,72.2,3
2026-04-13,REL012,66.0,72.2,81.2,72.4,74.1,5
2026-04-14,REL012,69.7,66.1,74.3,77.8,72.0,3
2026-04-15,REL012,67.7,71.7,72.8,80.0,80.1,3
2026-04-16,REL012,77.3,67.0,80.1,77.0,71.1,3
2026-04-17,REL012,68.5,66.4,81.1,68.3,71.1,4
2026-04-18,REL012,71.4,67.9,74.3,74.5,72.9,2
2026-04-19,REL012,60.0,71.5,81.2,74.9,72.7,3
2026-04-20,REL012,78.3,66.1,76.0,81.5,72.6,4
2026-04-21,REL012,73.9,70.7,76.5,80.7,74.0,4
2026-04-22,REL012,72.1,76.5,83.1,76.7,72.1,4
2026-04-23,REL012,62.3,68.2,83.6,69.8,64.8,5
2026-04-24,REL012,60.1,73.0,83.1,80.2,70.8,5
2026-04-25,REL012,72.0,74.7,73.8,73.9,78.0,6
2026-04-26,REL012,70.4,63.4,76.9,71.3,74.2,3
2026-04-27,REL012,60.3,60.0,75.9,79.1,78.3,2
2026-04-28,REL012,70.3,74.7,73.1,72.6,79.3,4
2026-04-29,REL012,67.4,64.2,77.3,76.0,73.7,1
2026-04-30,REL012,65.7,74.4,73.5,76.2,74.6,2
2026-05-01,REL012,66.9,71.8,74.4,75.5,71.9,4
2026-05-02,REL012,69.8,67.6,74.9,72.8,73.2,3
2026-05-03,REL012,69.2,62.7,83.3,79.8,73.3,3
2026-05-04,REL012,66.4,63.7,81.6,73.7,77.7,5
2026-05-05,REL012,68.0,69.0,77.1,72.0,73.5,3
2026-05-06,REL012,65.8,72.4,79.5,77.4,76.3,3
2026-05-07,REL012,66.6,65.8,81.0,87.6,81.0,4
2026-05-08,REL012,70.7,65.9,81.9,76.7,68.5,2
2026-05-09,REL012,66.3,71.2,77.9,82.2,76.9,3
2026-05-10,REL012,65.9,63.2,76.4,77.9,75.5,2
2026-03-02,REL013,71.4,30.5,83.7,52.8,76.1,3
2026-03-03,REL013,79.3,35.1,77.2,53.3,84.7,2
2026-03-04,REL013,82.0,40.2,77.6,52.7,78.4,2
2026-03-05,REL013,73.4,36.4,82.9,53.1,81.3,3
2026-03-06,REL013,69.3,43.9,80.5,57.5,78.7,1
2026-03-07,REL013,73.8,37.2,76.9,55.8,79.0,3
2026-03-08,REL013,74.0,40.1,76.8,55.5,79.3,4
2026-03-09,REL013,76.2,45.3,80.3,54.6,87.0,2
2026-03-10,REL013,76.0,43.9,80.6,49.1,75.3,2
2026-03-11,REL013,69.0,41.7,80.6,56.3,80.3,1
2026-03-12,REL013,72.3,42.2,78.9,50.3,83.1,4
2026-03-13,REL013,74.7,33.4,85.5,52.6,76.3,2
2026-03-14,REL013,73.2,42.0,85.1,50.6,80.6,4
2026-03-15,REL013,78.0,32.1,83.7,50.3,78.8,1
2026-03-16,REL013,75.9,37.5,86.4,61.2,81.9,3
2026-03-17,REL013,76.5,30.0,80.2,51.8,82.8,2
2026-03-18,REL013,74.9,43.1,80.1,53.7,76.5,1
2026-03-19,REL013,77.4,37.3,80.0,53.1,79.8,2
2026-03-20,REL013,70.9,42.3,77.6,60.6,79.6,3
2026-03-21,REL013,70.8,37.1,76.6,53.9,85.1,1
2026-03-22,REL013,68.1,33.2,86.8,55.8,78.0,2
2026-03-23,REL013,72.9,37.2,82.8,51.6,75.8,2
2026-03-24,REL013,77.9,41.8,80.1,51.4,80.1,3
2026-03-25,REL013,80.6,50.1,79.2,56.3,76.4,1
2026-03-26,REL013,75.7,39.6,81.7,47.6,81.2,2
2026-03-27,REL013,73.7,30.7,79.5,55.3,68.7,1
2026-03-28,REL013,68.7,37.8,79.0,53.1,76.5,2
2026-03-29,REL013,71.3,40.2,81.0,56.1,80.5,1
2026-03-30,REL013,78.2,37.5,80.0,61.6,78.5,3
2026-03-31,REL013,80.3,32.2,76.7,47.9,76.7,3
2026-04-01,REL013,84.2,35.0,82.3,48.2,80.3,1
2026-04-02,REL013,82.4,34.4,83.6,59.2,74.2,1
2026-04-03,REL013,83.1,30.1,82.4,52.6,86.3,0
2026-04-04,REL013,70.4,37.7,80.9,52.7,82.5,4
2026-04-05,REL013,87.7,47.8,82.9,55.1,77.0,3
2026-04-06,REL013,83.5,33.9,79.3,54.0,80.3,1
2026-04-07,REL013,68.0,32.7,79.4,61.0,77.3,0
2026-04-08,REL013,82.7,36.2,83.1,54.7,76.1,3
2026-04-09,REL013,81.0,35.3,85.1,50.7,77.0,3
2026-04-10,REL013,73.0,38.8,80.7,59.0,75.2,1
2026-04-11,REL013,83.7,37.4,83.5,56.5,78.0,1
2026-04-12,REL013,76.6,25.3,86.2,52.7,78.4,1
2026-04-13,REL013,74.5,34.0,81.7,57.0,79.4,1
2026-04-14,REL013,84.5,27.5,80.3,63.5,84.0,1
2026-04-15,REL013,80.6,27.1,84.7,51.5,76.1,2
2026-04-16,REL013,83.5,40.2,77.6,56.8,81.6,2
2026-04-17,REL013,80.8,32.9,78.8,53.0,74.9,2
2026-04-18,REL013,82.4,45.7,85.0,52.3,83.6,3
2026-04-19,REL013,72.4,44.9,81.6,59.1,67.8,2
2026-04-20,REL013,72.9,35.4,79.5,55.0,81.2,2
2026-04-21,REL013,75.7,32.7,81.8,64.2,82.6,2
2026-04-22,REL013,76.6,40.5,82.2,56.6,72.6,0
2026-04-23,REL013,67.3,27.8,84.9,62.6,65.3,5
2026-04-24,REL013,79.8,38.6,78.5,61.5,73.4,3
2026-04-25,REL013,81.5,27.1,79.6,58.0,82.2,0
2026-04-26,REL013,82.5,44.0,80.4,59.1,74.9,2
2026-04-27,REL013,71.4,33.8,80.7,56.5,80.7,2
2026-04-28,REL013,87.9,46.4,82.5,65.7,81.1,1
2026-04-29,REL013,82.9,40.4,81.1,65.3,72.5,2
2026-04-30,REL013,82.0,37.1,83.1,60.1,73.8,1
2026-05-01,REL013,77.9,29.4,81.0,55.3,70.0,2
2026-05-02,REL013,83.4,35.3,86.0,58.0,75.3,1
2026-05-03,REL013,77.8,31.7,87.0,57.0,71.6,4
2026-05-04,REL013,77.9,39.7,82.4,56.9,84.1,1
2026-05-05,REL013,78.8,32.9,89.3,62.6,79.4,1
2026-05-06,REL013,84.5,28.0,85.8,53.1,79.3,3
2026-05-07,REL013,81.0,34.3,77.7,58.7,80.3,1
2026-05-08,REL013,79.3,39.5,77.0,58.3,81.6,3
2026-05-09,REL013,84.0,31.5,79.4,58.4,75.4,2
2026-05-10,REL013,76.6,32.3,75.4,57.0,79.7,3
2026-03-02,REL014,74.1,45.8,81.5,47.7,81.7,2
2026-03-03,REL014,74.5,48.8,78.7,50.8,79.1,1
2026-03-04,REL014,74.3,30.7,82.5,47.8,79.1,2
2026-03-05,REL014,73.2,36.4,76.2,58.6,83.9,1
2026-03-06,REL014,74.4,38.2,80.4,47.6,76.7,2
2026-03-07,REL014,81.4,39.3,85.1,42.6,82.4,0
2026-03-08,REL014,76.3,43.0,78.6,42.6,86.0,1
2026-03-09,REL014,69.2,35.9,80.8,46.7,82.4,2
2026-03-10,REL014,80.1,39.9,81.4,50.0,80.0,3
2026-03-11,REL014,70.5,43.3,84.2,46.1,74.6,2
2026-03-12,REL014,75.0,35.7,82.3,44.1,78.4,2
2026-03-13,REL014,77.7,34.8,83.1,42.5,84.6,2
2026-03-14,REL014,89.5,33.7,82.1,40.1,84.4,3
2026-03-15,REL014,73.2,41.2,86.6,53.4,78.3,1
2026-03-16,REL014,83.9,37.9,83.2,41.8,83.5,2
2026-03-17,REL014,81.5,39.1,83.6,47.9,81.0,2
2026-03-18,REL014,76.6,32.0,85.1,52.0,76.9,1
2026-03-19,REL014,77.6,35.0,83.7,46.0,79.2,2
2026-03-20,REL014,80.5,32.7,81.8,49.8,77.9,2
2026-03-21,REL014,80.3,37.3,79.3,46.7,80.7,1
2026-03-22,REL014,75.8,32.9,80.1,43.1,78.7,3
2026-03-23,REL014,83.0,40.7,83.2,50.0,81.0,0
2026-03-24,REL014,76.9,34.3,82.6,48.8,75.0,1
2026-03-25,REL014,86.1,33.4,82.5,44.7,84.7,1
2026-03-26,REL014,72.0,37.3,83.8,49.3,76.0,0
2026-03-27,REL014,83.0,31.0,81.2,45.6,75.3,2
2026-03-28,REL014,86.3,34.0,81.4,50.1,80.9,2
2026-03-29,REL014,83.7,44.3,80.6,45.9,73.9,2
2026-03-30,REL014,75.7,40.8,79.4,41.5,87.2,2
2026-03-31,REL014,73.5,36.0,83.9,47.6,80.4,2
2026-04-01,REL014,78.6,41.3,85.6,52.6,88.8,3
2026-04-02,REL014,82.3,37.5,81.0,51.6,86.7,1
2026-04-03,REL014,85.0,43.9,80.4,48.8,74.4,3
2026-04-04,REL014,79.4,35.8,80.2,53.9,77.7,0
2026-04-05,REL014,81.9,42.0,81.9,43.8,80.0,3
2026-04-06,REL014,78.5,37.8,84.2,50.6,74.1,2
2026-04-07,REL014,84.2,39.6,83.8,46.5,84.3,0
2026-04-08,REL014,82.4,37.9,79.0,45.6,78.5,1
2026-04-09,REL014,83.8,35.5,82.2,54.6,81.1,2
2026-04-10,REL014,81.1,46.3,80.8,56.5,70.7,1
2026-04-11,REL014,84.6,35.3,79.4,51.2,76.3,2
2026-04-12,REL014,80.8,42.7,80.5,45.2,81.3,1
2026-04-13,REL014,79.4,38.7,88.0,46.1,76.0,0
2026-04-14,REL014,86.3,29.4,81.8,50.9,83.2,2
2026-04-15,REL014,82.3,35.3,82.9,44.3,80.8,3
2026-04-16,REL014,81.5,28.8,86.0,49.8,77.5,2
2026-04-17,REL014,86.0,24.6,81.4,51.3,83.0,3
2026-04-18,REL014,90.7,34.5,80.2,48.5,78.9,2
2026-04-19,REL014,80.6,39.0,78.8,46.6,84.8,4
2026-04-20,REL014,80.7,38.3,80.9,46.5,84.1,3
2026-04-21,REL014,83.6,26.3,84.4,45.9,82.3,1
2026-04-22,REL014,83.5,34.1,77.7,52.9,82.1,3
2026-04-23,REL014,75.7,30.7,87.2,49.3,83.6,3
2026-04-24,REL014,79.7,26.6,85.3,51.8,74.4,2
2026-04-25,REL014,81.9,37.2,78.8,49.5,79.3,1
2026-04-26,REL014,70.9,31.8,83.7,45.5,80.4,2
2026-04-27,REL014,76.7,30.0,84.3,44.9,83.3,1
2026-04-28,REL014,84.1,41.1,80.1,51.5,81.9,2
2026-04-29,REL014,85.9,30.7,75.0,54.3,78.5,1
2026-04-30,REL014,78.8,35.0,82.8,53.2,76.0,2
2026-05-01,REL014,76.1,40.9,82.3,49.9,78.1,2
2026-05-02,REL014,87.4,34.2,83.9,53.4,90.8,3
2026-05-03,REL014,85.2,34.9,74.2,53.1,75.8,2
2026-05-04,REL014,81.6,34.3,79.7,53.4,72.2,2
2026-05-05,REL014,81.6,25.6,86.8,51.3,84.9,2
2026-05-06,REL014,87.6,35.5,72.4,46.2,67.0,2
2026-05-07,REL014,78.1,32.0,86.2,47.3,80.1,2
2026-05-08,REL014,84.6,26.7,81.8,56.5,81.9,2
2026-05-09,REL014,80.9,26.4,80.7,56.4,77.5,2
2026-05-10,REL014,87.5,36.4,78.4,47.4,90.4,1
2026-03-02,REL015,88.8,63.8,78.5,46.2,75.8,4
2026-03-03,REL015,95.6,54.8,80.6,49.4,74.4,3
2026-03-04,REL015,98.8,59.5,74.4,51.7,75.8,3
2026-03-05,REL015,93.8,64.1,75.1,54.4,74.5,4
2026-03-06,REL015,98.6,57.4,78.3,54.1,74.4,3
2026-03-07,REL015,94.6,65.3,80.3,53.8,67.7,2
2026-03-08,REL015,98.9,65.4,80.2,57.4,80.1,0
2026-03-09,REL015,98.1,60.2,80.6,50.5,79.8,3
2026-03-10,REL015,100,55.4,78.2,52.5,86.5,3
2026-03-11,REL015,100,58.4,79.4,46.2,80.3,0
2026-03-12,REL015,100,55.4,78.1,53.0,77.6,1
2026-03-13,REL015,94.3,50.8,79.4,51.2,85.9,1
2026-03-14,REL015,95.8,66.9,69.2,48.7,84.4,2
2026-03-15,REL015,95.6,54.4,83.8,53.7,79.0,1
2026-03-16,REL015,99.1,61.7,80.7,49.1,76.7,4
2026-03-17,REL015,100,62.2,83.1,46.7,68.1,4
2026-03-18,REL015,100,56.4,82.0,53.7,77.1,4
2026-03-19,REL015,95.5,52.1,80.5,53.4,79.3,2
2026-03-20,REL015,100,57.2,78.0,46.3,71.0,3
2026-03-21,REL015,100,55.2,83.3,57.6,82.0,2
2026-03-22,REL015,91.7,60.6,83.1,44.7,78.2,2
2026-03-23,REL015,97.3,54.0,79.3,52.4,79.3,3
2026-03-24,REL015,100,48.9,81.8,51.3,75.3,2
2026-03-25,REL015,95.8,62.7,77.2,54.9,81.1,2
2026-03-26,REL015,97.8,61.3,77.1,51.0,81.6,4
2026-03-27,REL015,100,46.2,81.7,50.6,80.0,3
2026-03-28,REL015,100,63.5,78.1,52.5,76.5,0
2026-03-29,REL015,100,54.4,84.9,54.3,77.5,1
2026-03-30,REL015,100,60.4,80.0,63.0,79.3,2
2026-03-31,REL015,100,60.2,81.5,58.5,80.3,2
2026-04-01,REL015,100,52.7,82.7,53.9,83.1,2
2026-04-02,REL015,100,60.1,74.5,47.7,80.7,3
2026-04-03,REL015,100,58.7,80.5,52.7,74.2,2
2026-04-04,REL015,100,54.3,79.8,56.1,83.9,3
2026-04-05,REL015,99.3,61.9,75.8,50.9,79.3,2
2026-04-06,REL015,100,56.4,71.7,52.0,84.0,4
2026-04-07,REL015,100,59.5,80.2,47.8,77.6,4
2026-04-08,REL015,97.9,59.9,75.8,56.3,85.6,1
2026-04-09,REL015,96.0,59.5,78.3,50.8,83.2,4
2026-04-10,REL015,100,61.4,80.7,55.0,84.0,3
2026-04-11,REL015,100,63.9,79.3,55.5,78.3,3
2026-04-12,REL015,100,44.0,78.8,49.0,77.8,2
2026-04-13,REL015,100,58.3,80.5,51.7,73.0,3
2026-04-14,REL015,100,59.5,78.7,54.4,76.0,3
2026-04-15,REL015,100,58.0,79.4,57.6,80.2,2
2026-04-16,REL015,99.9,62.4,78.5,53.7,74.3,5
2026-04-17,REL015,97.0,46.6,81.7,57.9,80.1,2
2026-04-18,REL015,100,51.4,74.4,51.2,80.9,2
2026-04-19,REL015,99.6,53.3,80.4,55.5,78.1,4
2026-04-20,REL015,100,59.8,80.6,57.1,81.2,4
2026-04-21,REL015,100,51.2,83.3,54.7,75.6,3
2026-04-22,REL015,100,55.2,83.9,50.7,78.8,4
2026-04-23,REL015,100,54.3,76.5,51.0,75.1,3
2026-04-24,REL015,100,48.2,78.6,59.6,74.8,1
2026-04-25,REL015,100,64.6,76.9,52.4,76.3,3
2026-04-26,REL015,99.3,44.2,81.0,51.0,80.1,3
2026-04-27,REL015,100,61.3,81.2,57.8,76.2,3
2026-04-28,REL015,99.9,57.9,79.9,58.0,80.6,2
2026-04-29,REL015,100,58.7,79.6,56.1,78.1,3
2026-04-30,REL015,100,52.9,85.8,53.9,77.4,2
2026-05-01,REL015,100,63.7,80.1,56.4,73.5,2
2026-05-02,REL015,100,53.4,73.7,55.3,77.7,2
2026-05-03,REL015,100,59.5,76.1,55.6,88.8,3
2026-05-04,REL015,100,65.4,78.2,54.4,80.6,2
2026-05-05,REL015,100,57.2,79.0,47.3,78.6,2
2026-05-06,REL015,100,61.0,76.7,54.2,70.7,3
2026-05-07,REL015,100,59.4,76.0,60.3,77.5,4
2026-05-08,REL015,100,60.7,79.3,58.0,72.5,2
2026-05-09,REL015,100,54.6,81.0,57.6,75.0,2
2026-05-10,REL015,100,56.0,81.5,56.3,70.2,1
2026-03-02,REL016,73.8,52.1,83.5,69.9,70.2,1
2026-03-03,REL016,72.4,46.3,77.1,62.8,75.9,3
2026-03-04,REL016,70.6,46.0,86.0,66.5,80.3,3
2026-03-05,REL016,67.5,53.5,75.9,70.0,66.0,2
2026-03-06,REL016,78.4,43.6,83.6,57.1,77.7,2
2026-03-07,REL016,72.8,53.2,76.0,72.2,81.2,1
2026-03-08,REL016,64.8,49.4,77.8,65.5,73.9,2
2026-03-09,REL016,69.9,56.5,73.7,66.7,80.0,3
2026-03-10,REL016,66.9,45.3,82.2,55.4,68.2,3
2026-03-11,REL016,72.6,43.5,76.9,67.1,73.6,3
2026-03-12,REL016,74.5,43.8,77.8,63.2,78.0,1
2026-03-13,REL016,76.3,46.8,77.3,59.2,71.8,1
2026-03-14,REL016,77.6,49.7,76.6,64.6,67.6,1
2026-03-15,REL016,77.4,41.1,74.2,64.2,80.0,1
2026-03-16,REL016,75.1,45.7,81.9,66.1,82.1,2
2026-03-17,REL016,76.4,43.1,86.6,66.4,77.5,3
2026-03-18,REL016,72.5,43.2,84.7,69.7,77.8,3
2026-03-19,REL016,75.6,50.5,78.4,62.4,76.4,3
2026-03-20,REL016,67.4,47.3,82.4,68.9,75.7,2
2026-03-21,REL016,72.0,39.5,86.0,71.5,77.3,2
2026-03-22,REL016,65.5,45.0,80.0,62.5,77.8,3
2026-03-23,REL016,70.6,41.7,76.7,67.2,78.8,2
2026-03-24,REL016,65.1,45.5,77.1,64.9,75.0,1
2026-03-25,REL016,70.6,40.7,81.4,68.3,77.3,1
2026-03-26,REL016,69.1,44.7,74.0,67.5,77.6,2
2026-03-27,REL016,75.3,38.3,82.3,70.7,84.7,2
2026-03-28,REL016,70.7,50.2,82.0,69.7,80.5,3
2026-03-29,REL016,76.7,49.1,76.9,66.3,70.3,2
2026-03-30,REL016,83.8,46.9,80.6,66.3,78.8,1
2026-03-31,REL016,73.2,49.2,79.8,65.3,78.9,4
2026-04-01,REL016,70.0,51.4,81.4,62.9,80.1,1
2026-04-02,REL016,72.3,43.5,80.6,65.4,78.9,1
2026-04-03,REL016,73.8,45.7,84.1,65.4,77.6,3
2026-04-04,REL016,74.0,49.9,76.5,60.6,82.7,2
2026-04-05,REL016,71.6,44.0,86.0,68.5,74.1,4
2026-04-06,REL016,81.9,44.8,77.0,62.1,79.4,1
2026-04-07,REL016,68.6,46.2,80.7,67.0,76.6,2
2026-04-08,REL016,76.7,48.0,78.7,70.9,78.2,2
2026-04-09,REL016,79.3,50.1,80.4,73.2,74.4,3
2026-04-10,REL016,73.2,38.5,77.1,60.4,75.8,3
2026-04-11,REL016,78.5,47.0,74.9,68.0,76.4,2
2026-04-12,REL016,80.1,41.9,81.9,63.7,76.1,3
2026-04-13,REL016,80.7,43.3,79.8,68.1,80.6,2
2026-04-14,REL016,81.1,31.8,84.9,67.0,71.7,1
2026-04-15,REL016,78.4,40.0,83.7,64.7,82.7,2
2026-04-16,REL016,81.4,37.7,81.0,66.0,77.6,0
2026-04-17,REL016,75.1,47.0,81.1,78.1,76.6,3
2026-04-18,REL016,77.6,40.8,81.4,72.3,75.4,2
2026-04-19,REL016,74.1,36.7,74.6,67.8,83.9,1
2026-04-20,REL016,78.1,38.0,82.3,74.1,72.7,1
2026-04-21,REL016,85.3,37.5,79.5,78.2,76.2,5
2026-04-22,REL016,72.3,44.9,79.8,72.5,80.2,2
2026-04-23,REL016,79.1,50.7,77.4,71.9,76.2,2
2026-04-24,REL016,76.2,45.3,80.8,74.0,73.5,0
2026-04-25,REL016,79.5,44.7,83.9,63.7,74.0,2
2026-04-26,REL016,86.2,46.9,81.2,68.8,78.9,1
2026-04-27,REL016,78.6,43.3,85.2,71.0,79.9,3
2026-04-28,REL016,75.9,49.0,79.7,82.8,84.9,2
2026-04-29,REL016,79.7,42.8,80.8,65.9,80.5,2
2026-04-30,REL016,82.0,37.3,82.2,69.3,75.9,2
2026-05-01,REL016,85.1,36.5,82.2,72.6,78.6,3
2026-05-02,REL016,81.7,44.8,75.4,70.8,75.9,0
2026-05-03,REL016,73.0,39.8,75.2,65.6,89.9,1
2026-05-04,REL016,85.2,40.1,85.4,76.4,80.4,1
2026-05-05,REL016,76.9,42.5,79.5,73.7,81.2,0
2026-05-06,REL016,73.1,52.6,78.9,74.0,81.1,3
2026-05-07,REL016,73.3,47.2,85.9,73.0,86.2,2
2026-05-08,REL016,82.6,36.2,79.0,72.2,82.0,3
2026-05-09,REL016,82.5,43.6,83.8,70.7,80.3,3
2026-05-10,REL016,80.8,38.0,80.9,73.3,79.4,2
2026-03-02,REL017,56.4,47.4,78.2,86.2,74.8,3
2026-03-03,REL017,57.6,54.1,82.5,95.4,83.6,2
2026-03-04,REL017,60.3,42.8,76.1,86.7,70.3,1
2026-03-05,REL017,60.9,48.6,80.9,84.1,78.9,4
2026-03-06,REL017,61.1,44.4,80.3,82.5,67.3,2
2026-03-07,REL017,55.7,53.3,77.5,95.2,74.6,1
2026-03-08,REL017,63.4,45.0,84.0,86.5,77.0,3
2026-03-09,REL017,61.1,54.9,80.7,87.3,70.9,2
2026-03-10,REL017,60.0,46.6,83.7,89.5,77.8,1
2026-03-11,REL017,65.1,46.0,82.4,79.1,74.7,0
2026-03-12,REL017,64.6,44.2,85.1,86.7,83.8,2
2026-03-13,REL017,62.1,49.8,81.4,81.7,75.3,2
2026-03-14,REL017,62.8,47.0,80.1,85.9,69.2,2
2026-03-15,REL017,67.3,45.4,79.0,90.4,78.3,3
2026-03-16,REL017,63.7,53.1,81.5,92.7,75.3,2
2026-03-17,REL017,56.4,47.4,76.5,85.8,73.8,2
2026-03-18,REL017,52.1,44.3,77.5,93.2,70.1,2
2026-03-19,REL017,59.2,46.4,77.4,94.7,72.3,3
2026-03-20,REL017,59.6,47.7,82.7,86.7,81.7,4
2026-03-21,REL017,66.8,41.5,83.1,87.7,79.6,1
2026-03-22,REL017,60.1,53.7,80.6,86.7,79.8,3
2026-03-23,REL017,61.2,45.7,77.9,92.0,76.7,2
2026-03-24,REL017,62.4,45.0,81.0,93.8,77.2,1
2026-03-25,REL017,62.7,45.7,78.6,77.3,78.6,1
2026-03-26,REL017,63.0,49.7,79.3,86.2,83.8,2
2026-03-27,REL017,59.2,44.9,81.3,88.2,72.1,1
2026-03-28,REL017,61.9,37.6,75.9,92.6,78.2,2
2026-03-29,REL017,61.5,39.7,79.5,81.4,81.3,3
2026-03-30,REL017,67.0,37.0,79.0,89.3,75.9,2
2026-03-31,REL017,61.7,44.2,82.0,86.3,75.2,4
2026-04-01,REL017,54.4,56.2,74.5,91.4,69.7,3
2026-04-02,REL017,62.7,40.8,82.7,88.0,75.8,2
2026-04-03,REL017,66.7,57.3,82.4,82.5,68.0,2
2026-04-04,REL017,69.4,48.3,79.5,91.3,74.7,1
2026-04-05,REL017,65.3,49.1,80.1,80.0,76.7,3
2026-04-06,REL017,58.1,42.3,81.5,90.0,76.9,2
2026-04-07,REL017,66.4,46.9,78.1,92.6,73.2,1
2026-04-08,REL017,65.9,43.5,80.7,95.5,79.2,2
2026-04-09,REL017,67.8,42.6,75.9,86.9,80.9,2
2026-04-10,REL017,62.5,46.7,80.2,100,79.6,4
2026-04-11,REL017,63.7,48.4,80.4,98.5,76.8,3
2026-04-12,REL017,69.4,49.0,75.4,83.8,76.3,2
2026-04-13,REL017,61.7,56.3,83.0,87.0,80.0,2
2026-04-14,REL017,67.5,53.1,83.1,92.1,79.5,3
2026-04-15,REL017,62.2,48.2,79.2,97.8,69.6,1
2026-04-16,REL017,66.9,46.2,79.3,91.0,76.6,2
2026-04-17,REL017,65.5,43.3,81.3,87.5,77.1,1
2026-04-18,REL017,66.0,37.8,82.6,91.9,75.3,2
2026-04-19,REL017,61.8,43.3,82.5,85.3,76.6,3
2026-04-20,REL017,66.7,40.7,78.4,93.4,72.3,3
2026-04-21,REL017,70.5,43.7,80.7,96.0,75.6,3
2026-04-22,REL017,62.5,52.5,79.9,94.8,72.3,1
2026-04-23,REL017,71.9,45.4,80.2,88.8,76.3,1
2026-04-24,REL017,64.6,44.3,80.3,90.6,73.0,3
2026-04-25,REL017,67.1,39.8,79.9,90.9,71.5,3
2026-04-26,REL017,67.4,39.6,78.6,92.4,73.4,0
2026-04-27,REL017,74.9,56.0,79.7,97.2,71.3,3
2026-04-28,REL017,66.3,53.9,80.3,91.5,71.2,1
2026-04-29,REL017,61.3,34.7,81.3,89.4,70.0,3
2026-04-30,REL017,65.8,41.1,82.4,93.6,76.6,2
2026-05-01,REL017,70.6,44.7,79.7,97.5,73.2,0
2026-05-02,REL017,69.7,36.7,84.0,91.1,74.1,2
2026-05-03,REL017,69.4,44.6,81.1,89.6,74.8,3
2026-05-04,REL017,62.0,41.4,79.8,95.9,79.7,3
2026-05-05,REL017,66.0,45.6,87.1,85.8,70.5,2
2026-05-06,REL017,63.3,44.9,78.9,95.7,73.5,1
2026-05-07,REL017,65.3,48.5,81.5,94.3,70.9,4
2026-05-08,REL017,61.8,41.9,82.4,89.6,70.4,2
2026-05-09,REL017,63.6,37.8,81.8,91.4,76.4,1
2026-05-10,REL017,67.1,41.7,78.3,99.9,80.5,3
2026-03-02,REL018,62.2,33.0,85.9,62.7,76.1,0
2026-03-03,REL018,65.1,34.9,82.2,66.2,78.3,1
2026-03-04,REL018,63.6,39.3,83.6,66.1,80.3,3
2026-03-05,REL018,66.8,33.0,82.1,67.1,82.1,2
2026-03-06,REL018,68.4,41.4,87.7,65.1,74.7,2
2026-03-07,REL018,64.8,38.5,78.5,68.7,73.7,1
2026-03-08,REL018,68.6,35.3,84.6,65.1,77.7,2
2026-03-09,REL018,66.5,37.0,82.3,68.3,80.9,2
2026-03-10,REL018,69.5,38.9,88.8,64.4,79.4,3
2026-03-11,REL018,73.6,41.2,78.5,63.1,78.6,1
2026-03-12,REL018,61.5,35.5,79.0,63.4,81.3,2
2026-03-13,REL018,73.9,41.0,76.4,66.6,83.8,0
2026-03-14,REL018,69.6,39.7,81.4,66.2,83.5,1
2026-03-15,REL018,62.5,34.1,82.1,64.3,80.6,1
2026-03-16,REL018,64.7,32.4,81.5,65.9,77.6,2
2026-03-17,REL018,65.3,37.0,77.9,64.6,75.5,2
2026-03-18,REL018,70.4,37.0,84.3,63.8,71.3,0
2026-03-19,REL018,76.4,31.0,83.0,64.7,74.1,1
2026-03-20,REL018,73.5,38.0,79.5,63.5,76.0,2
2026-03-21,REL018,68.4,27.3,81.6,73.6,67.0,0
2026-03-22,REL018,62.6,32.2,81.2,62.8,80.7,1
2026-03-23,REL018,71.6,40.8,83.3,67.4,80.4,2
2026-03-24,REL018,68.4,31.3,81.2,65.6,79.3,3
2026-03-25,REL018,63.9,29.0,84.4,61.6,73.8,1
2026-03-26,REL018,67.9,37.4,78.7,68.6,75.3,2
2026-03-27,REL018,64.6,38.4,82.1,54.1,83.1,2
2026-03-28,REL018,67.7,42.2,84.2,69.5,73.5,1
2026-03-29,REL018,70.4,26.4,82.6,71.2,75.2,1
2026-03-30,REL018,74.4,38.3,87.2,63.9,79.3,0
2026-03-31,REL018,68.3,33.3,87.1,66.6,74.1,1
2026-04-01,REL018,67.2,28.7,85.6,67.7,78.6,1
2026-04-02,REL018,76.4,42.6,76.4,69.0,74.5,0
2026-04-03,REL018,65.4,31.5,82.6,69.1,74.4,1
2026-04-04,REL018,65.4,32.9,85.7,70.3,74.0,0
2026-04-05,REL018,63.3,28.7,88.8,70.4,72.0,2
2026-04-06,REL018,63.6,35.9,82.0,67.2,73.6,1
2026-04-07,REL018,69.0,35.8,77.5,62.8,82.2,0
2026-04-08,REL018,73.1,42.8,78.1,66.7,73.1,2
2026-04-09,REL018,72.8,19.8,79.6,66.6,86.2,2
2026-04-10,REL018,71.7,30.7,81.5,68.7,71.3,3
2026-04-11,REL018,65.5,37.8,77.5,69.3,79.1,0
2026-04-12,REL018,69.7,31.8,84.9,67.5,76.9,1
2026-04-13,REL018,72.8,25.3,85.8,66.6,79.1,2
2026-04-14,REL018,72.6,39.5,79.4,63.7,75.7,3
2026-04-15,REL018,70.1,39.7,79.8,67.6,71.5,0
2026-04-16,REL018,71.9,42.2,81.1,70.7,69.5,2
2026-04-17,REL018,63.8,32.5,80.3,64.9,74.0,1
2026-04-18,REL018,69.7,24.7,86.1,64.0,81.7,2
2026-04-19,REL018,74.0,37.3,84.9,68.5,73.0,1
2026-04-20,REL018,69.6,22.2,80.5,70.1,84.8,2
2026-04-21,REL018,72.0,30.4,82.1,68.6,80.0,1
2026-04-22,REL018,73.1,42.8,79.2,72.5,77.1,1
2026-04-23,REL018,75.4,35.3,78.5,77.5,80.8,2
2026-04-24,REL018,71.4,40.9,80.4,68.1,78.0,1
2026-04-25,REL018,68.7,36.1,80.2,66.7,82.1,2
2026-04-26,REL018,74.9,26.2,79.1,65.1,82.4,2
2026-04-27,REL018,72.0,39.9,85.4,67.9,77.3,3
2026-04-28,REL018,70.3,26.1,81.0,67.5,87.5,2
2026-04-29,REL018,71.1,30.7,85.7,76.8,75.3,3
2026-04-30,REL018,76.5,35.5,86.6,66.2,72.6,2
2026-05-01,REL018,78.2,40.0,82.3,66.0,81.5,3
2026-05-02,REL018,68.1,30.7,80.2,68.8,77.6,4
2026-05-03,REL018,74.0,33.6,84.3,70.1,72.3,1
2026-05-04,REL018,71.8,31.5,84.8,73.4,77.5,3
2026-05-05,REL018,70.4,26.4,84.1,63.7,72.9,1
2026-05-06,REL018,73.4,29.1,86.6,71.0,84.0,1
2026-05-07,REL018,84.4,29.1,80.3,71.8,85.1,2
2026-05-08,REL018,74.6,32.7,85.4,68.8,79.9,1
2026-05-09,REL018,77.6,19.8,81.9,66.2,76.9,2
2026-05-10,REL018,72.4,23.9,87.1,75.8,83.7,1
